Symbol,Name
D05.SI,DBS Group Holdings Ltd
O39.SI,Oversea-Chinese Banking Corporation Limited
U11.SI,United Overseas Bank Limited
Z74.SI,Singapore Telecommunications Limited
K6S.SI,Prudential plc
F34.SI,Wilmar International Limited
C6L.SI,Singapore Airlines Limited
S07.SI,Shangri-La Asia Limited
Q0F.SI,IHH Healthcare Berhad
9CI.SI,CapitaLand Investment Limited
C38U.SI,CapitaLand Integrated Commercial Trust
BN4.SI,Keppel Ltd.
S63.SI,Singapore Technologies Engineering Ltd
Y92.SI,Thai Beverage Public Company Limited
A17U.SI,CapitaLand Ascendas REIT
J36.SI,Jardine Matheson Holdings Limited
G13.SI,Genting Singapore Limited
NIO.SI,NIO Inc.
S68.SI,Singapore Exchange Limited
C07.SI,Jardine Cycle & Carriage Limited
U96.SI,Sembcorp Industries Ltd
G07.SI,Great Eastern Holdings Limited
BS6.SI,Yangzijiang Shipbuilding (Holdings) Ltd.
M44U.SI,Mapletree Logistics Trust
EMI.SI,Emperador Inc.
H78.SI,Hongkong Land Holdings Limited
N2IU.SI,Mapletree Pan Asia Commercial Trust
ME8U.SI,Mapletree Industrial Trust
S51.SI,Seatrium Limited
C09.SI,City Developments Limited
U14.SI,UOL Group Limited
V03.SI,Venture Corporation Limited
VC2.SI,Olam Group Limited
BUOU.SI,Frasers Logistics & Commercial Trust
J69U.SI,Frasers Centrepoint Trust
S58.SI,SATS Ltd.
HMN.SI,CapitaLand Ascott Trust
E5H.SI,Golden Agri-Resources Ltd
TQ5.SI,Frasers Property Limited
CJLU.SI,NetLink NBN Trust
K71U.SI,Keppel REIT
T82U.SI,Suntec Real Estate Investment Trust
C52.SI,ComfortDelGro Corporation Limited
AJBU.SI,Keppel DC REIT
D01.SI,DFI Retail Group Holdings Limited
A7RU.SI,Keppel Infrastructure Trust
T15.SI,Tan Chong International Limited
T14.SI,Tianjin Pharmaceutical Da Ren Tang Group Corporation Limited
U06.SI,Singapore Land Group Limited
S59.SI,SIA Engineering Company Limited
SK6U.SI,Paragon REIT
OV8.SI,Sheng Siong Group Ltd
J91U.SI,ESR-LOGOS REIT
H02.SI,Haw Par Corporation Limited
EB5.SI,First Resources Limited
C2PU.SI,Parkway Life Real Estate Investment Trust
M04.SI,Mandarin Oriental International Limited
AIY.SI,iFAST Corporation Ltd.
CC3.SI,StarHub Ltd
BSL.SI,Raffles Medical Group Ltd
H15.SI,Hotel Properties Limited
BVA.SI,Top Glove Corporation Bhd.
F17.SI,GuocoLand Limited
TS0U.SI,OUE Real Estate Investment Trust
F99.SI,"Fraser and Neave, Limited"
P7VU.SI,Hutchison Port Holdings Trust
CY6U.SI,CapitaLand India Trust
A50.SI,Thomson Medical Group Limited
JYEU.SI,Lendlease Global Commercial REIT
ADN.SI,First Sponsor Group Limited
Q5T.SI,Far East Hospitality Trust
U10.SI,UOB-Kay Hian Holdings Limited
J85.SI,CDL Hospitality Trusts
AU8U.SI,CapitaLand China Trust
AP4.SI,Riverstone Holdings Limited
P8Z.SI,Bumitama Agri Ltd.
YF8.SI,Yangzijiang Financial Holding Ltd.
NC2.SI,Sri Trang Agro-Industry Public Company Limited
S41.SI,Hong Leong Finance Limited
H13.SI,Ho Bee Land Limited
P40U.SI,Starhill Global Real Estate Investment Trust
NS8U.SI,Hutchison Port Holdings Trust
CWCU.SI,Cromwell European Real Estate Investment Trust
W05.SI,Wing Tai Holdings Limited
AGS.SI,The Hour Glass Limited
O5RU.SI,AIMS APAC REIT
558.SI,UMS Holdings Limited
Z25.SI,Yanlord Land Group Limited
LJ3.SI,OUE Limited
S08.SI,Singapore Post Limited
ACV.SI,Frasers Hospitality Trust
P15.SI,Pacific Century Regional Developments Limited
CRPU.SI,Sasseur Real Estate Investment Trust
CGN.SI,Best World International Limited
S61.SI,SBS Transit Ltd
B61.SI,Bukit Sembawang Estates Limited
8AZ.SI,Aztech Global Ltd.
G92.SI,China Aviation Oil (Singapore) Corporation Ltd
DCRU.SI,Digital Core REIT
EH5.SI,United Overseas Australia Ltd
CWBU.SI,Cromwell European Real Estate Investment Trust
E28.SI,Frencken Group Limited
F03.SI,Food Empire Holdings Limited
5IG.SI,Gallant Venture Ltd.
CHZ.SI,HRnetGroup Limited
A26.SI,Sinarmas Land Limited
AWX.SI,AEM Holdings Ltd.
OYY.SI,PropNex Limited
H30.SI,Hong Fok Corporation Limited
S20.SI,The Straits Trading Company Limited
U9E.SI,China Everbright Water Limited
H18.SI,Hotel Grand Central Limited
H07.SI,Stamford Land Corporation Ltd
5CP.SI,Silverlake Axis Ltd.
P34.SI,Delfi Limited
C41.SI,Cortina Holdings Limited
UD2.SI,Japfa Ltd.
BEC.SI,BRC Asia Limited
AW9U.SI,First Real Estate Investment Trust
WJP.SI,VICOM Ltd
O10.SI,Far East Orchard Limited
RE4.SI,Geo Energy Resources Limited
Q01.SI,QAF Limited
5G3.SI,TalkMed Group Limited
MZH.SI,Nanofilm Technologies International Limited
H22.SI,Hong Leong Asia Ltd.
UD1U.SI,IREIT Global
F9D.SI,Boustead Singapore Limited
TSH.SI,TSH Resources Berhad
BHK.SI,SIIC Environment Holdings Ltd.
MV4.SI,Mewah International Inc.
S85.SI,Straco Corporation Limited
BWM.SI,Zheneng Jinjiang Environment Holding Company Limited
5JS.SI,Indofood Agri Resources Ltd.
S56.SI,Samudera Shipping Line Ltd
M1GU.SI,Sabana Industrial Real Estate Investment Trust
DHLU.SI,Daiwa House Logistics Trust
M01.SI,Metro Holdings Limited
P9D.SI,Civmec Limited
QES.SI,China Sunsine Chemical Holdings Ltd.
NO4.SI,Dyna-Mac Holdings Ltd.
5UX.SI,Oxley Holdings Limited
1D0.SI,Kimly Limited
B28.SI,Bonvests Holdings Limited
U13.SI,United Overseas Insurance Limited
OU8.SI,Centurion Corporation Limited
Y03.SI,Yeo Hiap Seng Limited
A34.SI,Amara Holdings Limited
BDX.SI,GSH Corporation Limited
F83.SI,"COSCO SHIPPING International (Singapore) Co., Ltd."
B58.SI,Banyan Tree Holdings Limited
5JK.SI,Hiap Hoe Limited
P52.SI,Pan-United Corporation Ltd
T6I.SI,ValueMax Group Limited
T24.SI,Tuan Sing Holdings Limited
XJB.SI,"G.H.Y Culture & Media Holding Co., Limited"
PPC.SI,ProsperCap Corporation Limited
BTE.SI,Bund Center Investment Ltd
N02.SI,NSL Ltd
544.SI,CSE Global Limited
NPW.SI,Malaysia Smelting Corporation Berhad
STC.SI,Comba Telecom Systems Holdings Limited
ODBU.SI,United Hampshire US Real Estate Investment Trust
G20.SI,GP Industries Limited
BMGU.SI,BHG Retail REIT
BBW.SI,Azeus Systems Holdings Ltd.
QNS.SI,Southern Alliance Mining Ltd.
S35.SI,Sing Investments & Finance Limited
40T.SI,ISEC Healthcare Ltd.
BN2.SI,Valuetronics Holdings Limited
F1E.SI,Low Keng Huat (Singapore) Limited
QC7.SI,Q & M Dental Group (Singapore) Limited
5LY.SI,Marco Polo Marine Ltd.
TCU.SI,Credit Bureau Asia Limited
528.SI,Second Chance Properties Ltd
H12.SI,Hotel Royal Limited
579.SI,Oceanus Group Limited
D03.SI,Del Monte Pacific Limited
LVR.SI,17LIVE GROUP
5DD.SI,Micro-Mechanics (Holdings) Ltd.
BTM.SI,Penguin International Limited
AWZ.SI,Multi-Chem Limited
DM0.SI,PSC Corporation Ltd.
A05.SI,AVJennings Limited
B73.SI,Global Investments Limited
1D1.SI,UnUsUaL Limited
J2T.SI,Hock Lian Seng Holdings Limited
500.SI,Tai Sin Electric Limited
OXMU.SI,Prime US REIT
5UF.SI,Aspial Lifestyle Limited
JLB.SI,Grand Venture Technology Limited
5GD.SI,Sunpower Group Ltd.
U09.SI,Avarga Limited
42R.SI,Jumbo Group Limited
E3B.SI,Wee Hur Holdings Ltd.
XZL.SI,ARA US Hospitality Trust
5WH.SI,Rex International Holding Limited
C33.SI,Chuan Hup Holdings Limited
CLN.SI,APAC Realty Limited
BEW.SI,JB Foods Limited
OAJ.SI,Fortress Minerals Limited
A30.SI,Aspial Corporation Limited
IX2.SI,PEC Ltd.
BLS.SI,Hotung Investment Holdings Limited
CMOU.SI,Keppel Pacific Oak US REIT
ER0.SI,KSH Holdings Limited
S7OU.SI,Asian Pay Television Trust
DU4.SI,Mermaid Maritime Public Company Limited
5UL.SI,Atlantic Navigation Holdings (Singapore) Limited
1J4.SI,JEP Holdings Ltd.
BPF.SI,YHI International Limited
T13.SI,RH PetroGas Limited
MXNU.SI,Elite Commercial REIT
5VS.SI,Hafary Holdings Limited
41O.SI,LHN Limited
I07.SI,ISDN Holdings Limited
5IC.SI,Sing Holdings Limited
BTOU.SI,Manulife US Real Estate Investment Trust
MR7.SI,Nordic Group Limited
5WA.SI,OUE Healthcare Limited
5DP.SI,Heeton Holdings Limited
1F2.SI,Union Gas Holdings Limited
I15.SI,Isetan (Singapore) Limited
BQM.SI,Tiong Woon Corporation Holding Ltd
S23.SI,Singapura Finance Ltd
T12.SI,Tat Seng Packaging Group Ltd
L19.SI,Lum Chang Holdings Limited
BTP.SI,Baker Technology Limited
5SR.SI,Zhongmin Baihui Retail Group Ltd.
M14.SI,InnoTek Limited
5WJ.SI,MoneyMax Financial Services Ltd.
BCY.SI,Powermatic Data Systems Limited
D5IU.SI,Lippo Malls Indonesia Retail Trust
URR.SI,Sim Leisure Group Ltd.
5SO.SI,Duty Free International Limited
QSD.SI,Resources Global Development Limited
L38.SI,AF Global Limited
N08.SI,New Toyo International Holdings Ltd
S19.SI,Singapore Shipping Corporation Limited
BQD.SI,Envictus International Holdings Limited
Z59.SI,Yoma Strategic Holdings Ltd.
533.SI,ABR Holdings Limited
U77.SI,Sarine Technologies Ltd.
KUO.SI,International Cement Group Ltd.
564.SI,Spindex Industries Limited
F13.SI,Fu Yu Corporation Limited
S44.SI,EnGro Corporation Limited
1B0.SI,mm2 Asia Ltd.
RQ1.SI,Overseas Education Limited
C76.SI,Creative Technology Ltd
5TP.SI,CNMC Goldmine Holdings Limited
1J5.SI,Hyphens Pharma International Limited
C9Q.SI,Sinostar PEC Holdings Limited
40V.SI,Alset International Limited
1G1.SI,RE&S Holdings Limited
5ML.SI,Old Chang Kee Ltd.
5CF.SI,OKP Holdings Limited
42T.SI,The Trendlines Group Ltd.
AWI.SI,Thakral Corporation Ltd
42E.SI,Choo Chiang Holdings Ltd.
566.SI,SHS Holdings Ltd.
LS9.SI,Leader Environmental Technologies Limited
M05.SI,MTQ Corporation Limited
546.SI,Medtecs International Corporation Limited
5AE.SI,Pollux Properties Ltd.
K29.SI,Karin Technology Holdings Limited
8K7.SI,UG Healthcare Corporation Limited
WKS.SI,$ WinkingStudios
ZKX.SI,Ever Glory United Holdings Limited
NR7.SI,Raffles Education Limited
BVQ.SI,Procurri Corporation Limited
569.SI,Vicplas International Ltd
5F7.SI,Wilton Resources Corporation Limited
G0I.SI,Nam Lee Pressed Metal Industries Limited
G50.SI,Grand Banks Yachts Limited
L02.SI,Metis Energy Limited
5HV.SI,Koh Brothers Eco Engineering Limited
BHU.SI,SUTL Enterprise Limited
CHJ.SI,Uni-Asia Group Limited
D8DU.SI,First Ship Lease Trust
TWL.SI,Memiontec Holdings Ltd.
Q0X.SI,Ley Choon Group Holdings Limited
BKA.SI,Sin Heng Heavy Machinery Limited
B69.SI,Broadway Industrial Group Limited
1AZ.SI,Audience Analytics Limited
RXS.SI,Pacific Radiance Ltd.
F86.SI,MYP Ltd.
ZB9.SI,Union Steel Holdings Limited
NXR.SI,iWOW Technology Limited
BEI.SI,LHT Holdings Limited
T43.SI,Yunnan Energy International Co. Limited
5MZ.SI,Kingsmen Creatives Ltd.
5G2.SI,Kim Heng Limited
K75.SI,Koh Brothers Group Limited
5OI.SI,Japan Foods Holding Ltd.
595.SI,GKE Corporation Limited
EHG.SI,Econ Healthcare (Asia) Limited
P8A.SI,Cordlife Group Limited
S69.SI,Serial System Ltd
VI2.SI,Trans-China Automotive Holdings Limited
Y8E.SI,Samurai 2K Aerosol Limited
I49.SI,IFS Capital Limited
BQN.SI,BH Global Corporation Limited
A55.SI,Asia Enterprises Holding Limited
YK9.SI,YKGI Limited
BDA.SI,PNE Industries Ltd
BQF.SI,XMH Holdings Ltd.
5DM.SI,Ying Li International Real Estate Limited
1G6.SI,No Signboard Holdings Ltd.
BDR.SI,Willas-Array Electronics (Holdings) Limited
S7P.SI,Soilbuild Construction Group Ltd.
C8R.SI,Jiutian Chemical Group Limited
C05.SI,Chemical Industries (Far East) Limited
NLC.SI,5E Resources Limited
1F3.SI,Aspen (Group) Holdings Limited
1Y1.SI,9R Limited
1D5.SI,Capital World Limited
A04.SI,ASL Marine Holdings Ltd.
BTG.SI,HG Metal Manufacturing Limited
T55.SI,TIH Limited
Y3D.SI,mDR Limited
1R6.SI,Avi-Tech Holdings Limited
1B1.SI,HC Surgical Specialists Limited
S29.SI,Stamford Tyres Corporation Limited
DRX.SI,ST Group Food Industries Holdings Limited
B26.SI,Ban Leong Technologies Limited
5G1.SI,EuroSports Global Limited
BXE.SI,CDW Holding Limited
CNE.SI,MindChamps PreSchool Limited
BTJ.SI,A-Sonic Aerospace Limited
RCU.SI,Revez Corporation Ltd.
5NV.SI,Chasen Holdings Limited
HQU.SI,Oiltek International Limited
KJ5.SI,BBR Holdings (S) Ltd
C13.SI,CH Offshore Ltd.
E27.SI,The Place Holdings Limited
ZXY.SI,Alpina Holdings Limited
42C.SI,iX Biopharma Ltd.
AJ2.SI,Ouhua Energy Holdings Limited
5I1.SI,KOP Limited
I06.SI,Intraco Limited
L23.SI,Enviro-Hub Holdings Ltd.
BIP.SI,Vibrant Group Limited
O9E.SI,Parkson Retail Asia Limited
42L.SI,Taka Jewellery Holdings Limited
P36.SI,Pan Hong Holdings Group Limited
1A1.SI,Wong Fong Industries Limited
AYN.SI,Global Testing Corporation Limited
BIX.SI,Ellipsiz Ltd
42W.SI,Zixin Group Holdings Limited
H20.SI,Hoe Leong Corporation Ltd.
BFU.SI,Tye Soon Limited
B9S.SI,CosmoSteel Holdings Limited
42F.SI,TOTM Technologies Limited
T41.SI,TeleChoice International Limited
N01.SI,Nera Telecommunications Ltd
N0Z.SI,Combine Will International Holdings Limited
CTO.SI,Hong Lai Huat Group Limited
5PO.SI,Hiap Tong Corporation Ltd.
OTS.SI,OTS Holdings Limited
O08.SI,Ossia International Limited
543.SI,Noel Gifts International Ltd
1E3.SI,Sanli Environmental Limited
WPC.SI,Vallianz Holdings Limited
BFI.SI,Tiong Seng Holdings Limited
S71.SI,Sunright Limited
BKW.SI,Datapulse Technology Limited
K03.SI,Khong Guan Limited
A31.SI,Addvalue Technologies Ltd
V8Y.SI,Quantum Healthcare Limited
BJV.SI,Yamada Green Resources Limited
BQC.SI,A-Smart Holdings Ltd.
41B.SI,Huationg Global Limited
XCF.SI,KTMG Limited
NEX.SI,Reclaims Global Limited
YYN.SI,Plato Capital Limited
OTX.SI,Medinex Limited
596.SI,Pavillon Holdings Ltd.
5TT.SI,Keong Hong Holdings Limited
5I4.SI,ICP Ltd.
5WF.SI,ISOTeam Ltd.
AVX.SI,HL Global Enterprises Limited
5TY.SI,Advanced Systems Automation Limited
1V3.SI,Mooreast Holdings Ltd.
BNE.SI,Kencana Agri Limited
GRQ.SI,Don Agro International Limited
BAI.SI,Digilife Technologies Limited
5GI.SI,Interra Resources Limited
5KI.SI,Soup Holdings Limited
5GZ.SI,HGH Holdings Ltd.
5FW.SI,Acesian Partners Limited
C06.SI,CSC Holdings Limited
43B.SI,Secura Group Limited
AOF.SI,Amplefield Limited
541.SI,Abundance International Limited
PH0.SI,Hatten Land Limited
MF6.SI,Mun Siong Engineering Limited
5AB.SI,Trek 2000 International Ltd
CEDU.SI,Dasin Retail Trust
5AU.SI,AP Oil International Limited
Y45.SI,SMI Vantage Limited
40W.SI,ZICO Holdings Inc.
A52.SI,AnnAik Limited
AWC.SI,Brook Crompton Holdings Ltd.
5RA.SI,Asia-Pacific Strategic Investments Limited
5VC.SI,Kori Holdings Limited
583.SI,Progen Holdings Ltd
AAJ.SI,Sunmoon Food Company Limited
594.SI,CapAllianz Holdings Limited
5BI.SI,Polaris Ltd.
BJZ.SI,Koda Ltd
BDU.SI,Federal International (2000) Ltd
5AL.SI,Annica Holdings Limited
Y35.SI,AnAn International Limited
554.SI,King Wan Corporation Limited
CYW.SI,TrickleStar Limited
BRD.SI,Sapphire Corporation Limited
R14.SI,Eneco Energy Limited
C04.SI,Casa Holdings Limited
5EB.SI,CFM Holdings Limited
RS1.SI,China Environmental Resources Group Limited
BEZ.SI,Beng Kuang Marine Limited
F10.SI,F J Benjamin Holdings Ltd
NHD.SI,Jubilee Industries Holdings Ltd.
QZG.SI,Accrelist Ltd.
ENV.SI,LS 2 Holdings Limited
N32.SI,Nippecraft Limited
QS9.SI,Global Invacom Group Limited
41F.SI,GSS Energy Limited
SEJ.SI,NoonTalk Media Limited
5NF.SI,Mencast Holdings Ltd.
1L2.SI,Hiap Seng Ind
BBP.SI,Hor Kew Corporation Limited
5G9.SI,Tritech Group Limited
TVV.SI,OxPay Financial Limited
1B6.SI,Ocean Sky International Limited
5AI.SI,H2G Green Limited
505.SI,AsiaMedic Limited
5F4.SI,Figtree Holdings Limited
5HG.SI,Edition Ltd.
BTX.SI,Anchun International Holdings Ltd.
BLZ.SI,Advanced Holdings Ltd.
S3N.SI,OKH Global Ltd.
5EV.SI,Hosen Group Ltd.
504.SI,HS Optimus Holdings Limited
5OQ.SI,TEHO International Inc Ltd.
5DX.SI,Meta Health Limited
532.SI,DISA Limited
AWV.SI,Captii Limited
43E.SI,VCPlus Limited
CIN.SI,Courage Investment Group Limited
PRH.SI,Livingstone Health Holdings Limited
5EF.SI,Adventus Holdings Limited
BCZ.SI,Travelite Holdings Ltd.
8YY.SI,Biolidics Limited
1J7.SI,Jawala Inc.
UUK.SI,Pasture Holdings Ltd.
1H2.SI,Olive Tree Estates Limited
5QY.SI,Net Pacific Financial Holdings Limited
OMK.SI,Vividthree Holdings Ltd.
BHD.SI,China Mining International Limited
49B.SI,AMOS Group Limited
41T.SI,GCCP Resources Limited
AZA.SI,IPC Corporation Ltd
1F0.SI,shopper360 Limited
5UA.SI,Luminor Financial Holdings Limited
BLR.SI,Darco Water Technologies Limited
M15.SI,Matex International Limited
5VP.SI,GDS Global Limited
5WV.SI,AsiaPhos Limited
43F.SI,AcroMeta Group Limited
5FX.SI,New Wave Holdings Ltd.
584.SI,AJJ Medtech Holdings Limited
40N.SI,Versalink Holdings Limited
5TJ.SI,Far East Group Limited
5CR.SI,Asiatic Group (Holdings) Limited
9QX.SI,$ BeverlyJCG
5IF.SI,Natural Cool Holdings Limited
1H3.SI,Clearbridge Health Limited
I11.SI,Renaissance United Limited
E6R.SI,Samko Timber Limited
5OC.SI,Koyo International Limited
1A0.SI,Katrina Group Ltd.
SES.SI,Shanaya Limited
BEH.SI,China International Holdings Limited
BKV.SI,China Shenshan Orchard Holdings Co. Ltd.
42Z.SI,Eindec Corporation Limited
V3M.SI,Metech International Limited
585.SI,Asian Micro Holdings Limited
1D3.SI,LifeBrandz Ltd.
M03.SI,Miyoshi Limited
V2Y.SI,V2Y Corporation Ltd.
FQ7.SI,Jasper Investments Limited
580.SI,Santak Holdings Limited
8A1.SI,Forise International Limited
5OR.SI,Heatec Jietong Holdings Ltd.
M11.SI,Manufacturing Integration Technology Ltd
581.SI,Sunrise Shares Holdings Ltd.
40E.SI,Spackman Entertainment Group Limited
J03.SI,Jadason Enterprises Ltd
1F1.SI,Y Ventures Group Ltd.
AWK.SI,Fuxing China Group Limited
42D.SI,NauticAWT Limited
5HH.SI,Sinjia Land Limited
LYY.SI,SinoCloud Group Limited
E9L.SI,Joyas International Holdings Limited
YYB.SI,Bacui Technologies International Ltd.
Z4D.SI,Medi Lifestyle Limited
BJD.SI,VibroPower Corporation Limited
AWM.SI,Shanghai Turbo Enterprises Ltd
JUS.SI,A Lion-Nomura Japan US$
SQQ.SI,CSOP iEdge Southeast Asia+ TECH Index ETF
TPED.SI,PTT Exploration & Production PCL
VND.SI,CF VN 30 SC ETF US$
ESG.SI,Lion-OCBC Securities Singapore Low Carbon ETF
MCN.SI,PHIL-CU MS CHINA A50 S$
MCS.SI,PHIL-CU MS CHINA A50 US$
JJJ.SI,A Lion-Nomura Japan S$
LSS.SI,Phillip MSCI Singapore Daily (2X) Leveraged Product
LCU.SI,CSOP CGS-CIMB FTSE Asia Pacific Low Carbon Index ETF
GRO.SI,Cgs Fullgoal Csi 1000 Etf
TCPD.SI,CP All PCL
SCY.SI,CSOP CSI STAR and CHINEXT 50 Index ETF
ICM.SI,iShares MSCI Asia ex Japan Climate Action ETF
ICU.SI,iShares MSCI Asia ex Japan Climate Action ETF
SSS.SI,Phillip MSCI Singapore Daily (-1X) Inverse Product
1MZ.SI,Nam Cheong Limited
CXS.SI,UOBAM Ping An ChiNext ETF
S45U.SI,Singapore Index Fund
SQU.SI,CSOP iEdge Southeast Asia+ TECH Index ETF
SHD.SI,CSOP Huatai - PineBridge SSE Dividend Index ETF
GRU.SI,Cgs Fullgoal Csi 1000 Etf
LCS.SI,CSOP CGS-CIMB FTSE Asia Pacific Low Carbon Index ETF
9G2.SI,$ SAM Holdings
9I7.SI,No Signboard Holdings Ltd.
VNM.SI,CF VN 30 SC ETF SG$
TATD.SI,Airports Of Thailand PLC
